{
    "mae": 144.6751708984375,
    "rmse": 192.6067657470703,
    "smape_scaled": 0.010394271463155746,
    "crps": 103.93409538740393,
    "nll_gaussian": 6.6795957902965,
    "mean_pinball": 22.641740072586067,
    "ssr": 0.9965938855690675
}