{
    "mae": 286.5232849121094,
    "rmse": 372.24560546875,
    "smape_scaled": 0.021064970642328262,
    "crps": 205.4283878205958,
    "nll_gaussian": 7.377128062655969,
    "mean_pinball": 34.72948768378482,
    "ssr": 0.8315351121443587
}