{
    "base_model": {
        "base_model_rf": {
            "rmse": 0.4437660998399678,
            "smape_scaled": 0.673902377401413
        },
        "base_model_nn": {
            "rmse": 0.22703437507152557,
            "smape_scaled": 0.3240281939506531
        }
    },
    "posthoc": {},
    "native": {}
}