{
    "base_model": {
        "base_model_nn": {
            "mae": 144.6751708984375,
            "rmse": 192.6067657470703,
            "smape_scaled": 0.010394272394478321
        }
    },
    "posthoc": {},
    "native": {}
}