{
    "mae": 152.4772186279297,
    "rmse": 197.17701721191406,
    "smape_scaled": 0.011858620680868626,
    "crps": 108.41700300498587,
    "nll_gaussian": 6.7137698884969605,
    "mean_pinball": 19.816665475179263,
    "ssr": 0.9047224499704415
}