{
    "base_model": {
        "base_model_nn": {
            "mae": 728.844970703125,
            "rmse": 864.8446655273438,
            "smape_scaled": 0.05113065242767334
        }
    },
    "posthoc": {},
    "native": {}
}