{
    "base_model": {},
    "posthoc": {},
    "native": {
        "native_gpytorch": {
            "rmse": 1553.593505859375,
            "smape_scaled": 0.06269752234220505,
            "crps": 556.4621915135086,
            "nll_gaussian": 8.334541480598734,
            "mean_pinball": 125.14302632356831
        }
    }
}