{
    "base_model": {
        "base_model_nn": {
            "rmse": 0.22184155881404877,
            "smape_scaled": 0.30530986189842224
        }
    },
    "posthoc": {
        "posthoc_laplace__base_model_nn": {
            "rmse": 0.22184155881404877,
            "smape_scaled": 0.30530986189842224,
            "crps": null,
            "nll_gaussian": 0.8079629101508837,
            "mean_pinball": 0.013504582547414365
        }
    },
    "native": {}
}