{
    "mae": 144.5478973388672,
    "rmse": 188.0083770751953,
    "smape_scaled": 0.011198005639016628,
    "crps": 103.47415866836371,
    "nll_gaussian": 6.691803974377721,
    "mean_pinball": 17.510683059692383,
    "ssr": 0.925160203482286
    "coverage_90": 0.8600456621004566
}