{
    "base_model": {},
    "posthoc": {},
    "native": {
        "native_mvnn": {
            "mae": 904.8505249023438,
            "rmse": 1278.7457275390625,
            "smape_scaled": 0.061496302485466,
            "crps": 656.0157010231052,
            "nll_gaussian": 8.390230302233041,
            "mean_pinball": 169.10608705639785,
            "ssr": 1.1211275551878073
        }
    }
}