{
    "base_model": {},
    "posthoc": {},
    "native": {
        "native_mvnn": {
            "rmse": 0.2264985591173172,
            "smape_scaled": 0.36353248357772827,
            "crps": null,
            "nll_gaussian": -0.07221801848202179,
            "mean_pinball": 0.019396393379395027
        }
    }
}