{
    "base_model": {
        "base_model_linreg": {
            "rmse": 552.0161743164062,
            "smape_scaled": 0.028878772631287575
        }
    },
    "posthoc": {
        "posthoc_conformal_prediction__base_model_linreg": {
            "rmse": 552.0161743164062,
            "smape_scaled": 0.028878772631287575,
            "crps": 305.1794556914164,
            "nll_gaussian": 9.259381749645215,
            "mean_pinball": 12.192399978637695
        }
    },
    "native": {}
}