{
    "base_model": {},
    "posthoc": {},
    "native": {
        "native_quantile_regression_nn": {
            "rmse": 253.44158935546875,
            "smape_scaled": 0.012040981091558933,
            "crps": 110.60853515758514,
            "nll_gaussian": 6.877577074212476,
            "mean_pinball": 17.998470306396484
        },
        "native_mvnn": {
            "rmse": 256.4833068847656,
            "smape_scaled": 0.011860950849950314,
            "crps": 108.80021928974153,
            "nll_gaussian": 6.997313698447838,
            "mean_pinball": 16.66904535945461
        },
        "native_gpytorch": {
            "rmse": 242.21719360351562,
            "smape_scaled": 0.01014078687876463,
            "crps": 108.84373779077535,
            "nll_gaussian": 8.614240048195828,
            "mean_pinball": 8.171049810500994
        }
    }
}