{
    "base_model": {
        "base_model_linreg": {
            "rmse": 360.6310119628906,
            "smape_scaled": 0.01826603338122368
        },
        "base_model_nn": {
            "rmse": 326.14410400390625,
            "smape_scaled": 0.016472227871418
        }
    },
    "posthoc": {
        "posthoc_laplace_approximation__base_model_nn": {
            "rmse": 326.14410400390625,
            "smape_scaled": 0.016472227871418,
            "crps": 140.7720983340697,
            "nll_gaussian": 7.2258472399400455,
            "mean_pinball": 28.628574509007915
        }
    },
    "native": {}
}