{
    "base_model": {},
    "posthoc": {},
    "native": {
        "native_mvnn": {
            "mae": 339.24029541015625,
            "rmse": 459.485595703125,
            "smape_scaled": 0.022605054080486298,
            "crps": 252.6022160944365,
            "nll_gaussian": 7.736955505032892,
            "mean_pinball": 34.38466108082882,
            "ssr": 0.6344140793270456
        }
    }
}