{
    "base_model": {},
    "posthoc": {},
    "native": {
        "native_gpytorch": {
            "mae": 485.6640319824219,
            "rmse": 756.6387939453125,
            "smape_scaled": 0.031227879226207733,
            "crps": 351.4220213236191,
            "nll_gaussian": 7.54339375339598,
            "mean_pinball": 46.733887751384806,
            "ssr": 0.5236285016839427
        }
    }
}