{
    "base_model": {
        "base_model_nn": {
            "mae": 176.14645385742188,
            "rmse": 229.2932891845703,
            "smape_scaled": 0.012739311903715134
        }
    },
    "posthoc": {},
    "native": {}
}