{
    "mae": 2121.836669921875,
    "rmse": 2585.978759765625,
    "smape_scaled": 0.1553136706352234,
    "crps": 2024.7668497070802,
    "nll_gaussian": 111.17239205711643,
    "mean_pinball": 19.816665692891334,
    "ssr": 0.06898373523609098
}