{
    "mae": 286.5232849121094,
    "rmse": 372.24560546875,
    "smape_scaled": 0.021064968779683113,
    "crps": 204.17119190015816,
    "nll_gaussian": 7.338493252599862,
    "mean_pinball": 43.903470802081465,
    "ssr": 0.9998831413762193
}