{
    "base_model": {},
    "posthoc": {},
    "native": {
        "native_gpytorch": {
            "mae": 464.40765380859375,
            "rmse": 712.72607421875,
            "smape_scaled": 0.030050957575440407,
            "crps": 331.42107114663867,
            "nll_gaussian": 7.491380967808832,
            "mean_pinball": 47.468392472716246,
            "ssr": 0.5646272687050331
        }
    }
}