{
    "base_model": {
        "base_model_hgbr": {
            "rmse": 404.374377552991,
            "smape_scaled": 0.014976451002017398
        }
    },
    "posthoc": {},
    "native": {}
}