{
    "base_model": {
        "base_model_nn": {
            "mae": 176.14645385742188,
            "rmse": 229.2932891845703,
            "smape_scaled": 0.012739311903715134
        }
    },
    "posthoc": {
        "posthoc_conformal_prediction__base_model_nn": {
            "mae": 262.3185119628906,
            "rmse": 349.57757568359375,
            "smape_scaled": 0.01850258558988571,
            "crps": 190.7089147430687,
            "nll_gaussian": 7.32962138182996,
            "mean_pinball": 31.34472896585764,
            "ssr": 0.8060491865836202
        }
    },
    "native": {}
}