{
    "base_model": {
        "base_model_nn": {
            "rmse": 571.2215576171875,
            "smape_scaled": 0.031388796865940094
        }
    },
    "posthoc": {},
    "native": {}
}