{
    "base_model": {
        "base_model_nn": {
            "rmse": 1221.146484375,
            "smape_scaled": 0.06449893116950989
        }
    },
    "posthoc": {},
    "native": {}
}
