{
    "mae": 229.26187133789062,
    "rmse": 312.9999084472656,
    "smape_scaled": 0.016828548163175583
}