{
    "mae": 2121.836669921875,
    "rmse": 2585.978759765625,
    "smape_scaled": 0.1553136706352234
}