{
    "mae": 107.4264018114817,
    "rmse": 144.8874805194339,
    "smape_scaled": 0.007782410197490579
}