{
    "base_model": {
        "base_model_rf": {
            "rmse": 0.257216764466684,
            "smape_scaled": 0.34546505895844554
        }
    },
    "posthoc": {},
    "native": {}
}