{
    "base_model": {
        "base_model_nn": {
            "rmse": 793.1930541992188,
            "smape_scaled": 0.044525906443595886
        }
    },
    "posthoc": {},
    "native": {}
}