{
    "mae": 2163.1651115034992,
    "rmse": 2618.098560658135,
    "smape_scaled": 0.15802571393490372
}