{
    "mae": 229.26194763183594,
    "rmse": 312.9999084472656,
    "smape_scaled": 0.01682855561375618,
    "crps": 166.7120364084501,
    "nll_gaussian": 7.1682911815335455,
    "mean_pinball": 31.135430696728214,
    "ssr": 0.9463975632816303
}