{
    "mae": 125.88999938964844,
    "rmse": 175.0900115966797,
    "smape_scaled": 0.009035229682922363,
    "crps": 87.76561913598589,
    "nll_gaussian": 6.40331970010799,
    "mean_pinball": 17.709605678375535,
    "ssr": 0.8574868492102086
}