{
    "base_model": {},
    "posthoc": {},
    "native": {
        "native_gpytorch": {
            "rmse": 455.19171142578125,
            "smape_scaled": 0.02277739718556404,
            "crps": 249.81786930241236,
            "nll_gaussian": 14.911993462689978,
            "mean_pinball": 12.377412664887725
        }
    }
}