{
    "base_model": {},
    "posthoc": {},
    "native": {
        "native_gpytorch": {
            "rmse": 14161.279296875,
            "smape_scaled": 1.999857783317566,
            "crps": 12690.503061740093,
            "nll_gaussian": 80.17340464598013,
            "mean_pinball": 184.28442663969335
        }
    }
}