{
    "base_model": {
        "base_model_linreg": {
            "rmse": 335.36627197265625,
            "smape_scaled": 0.017594225704669952
        },
        "base_model_hgbr": {
            "rmse": 141.18192350021386,
            "smape_scaled": 0.007262918204131581
        }
    },
    "posthoc": {
        "posthoc_conformal_prediction__base_model_linreg": {
            "rmse": 335.3663024902344,
            "smape_scaled": 0.017594225704669952,
            "crps": 221.21144468550966,
            "nll_gaussian": 33.3421131318869,
            "mean_pinball": 0.8803656910285171
        },
        "posthoc_conformal_prediction__base_model_hgbr": {
            "rmse": 141.18192350021386,
            "smape_scaled": 0.007262918204131581,
            "crps": 91.64257334880698,
            "nll_gaussian": 25.71036395483328,
            "mean_pinball": 0.4247331188437234
        }
    },
    "native": {}
}