{
    "mae": 2164.377685546875,
    "rmse": 2621.1455078125,
    "smape_scaled": 0.1581229418516159,
    "crps": 2084.7934097969332,
    "nll_gaussian": 222.4915322754776,
    "mean_pinball": 17.571113556300986,
    "ssr": 0.05683136683236966
}