{
    "base_model": {
        "base_model_rf": {
            "rmse": 0.257216764466684,
            "smape_scaled": 0.34546505895844554
        },
        "base_model_nn": {
            "rmse": 0.22184155881404877,
            "smape_scaled": 0.30530986189842224
        }
    },
    "posthoc": {},
    "native": {}
}