{
    "mae": 2172.533935546875,
    "rmse": 2623.4990234375,
    "smape_scaled": 0.1585327535867691,
    "crps": 2016.6550090958917,
    "nll_gaussian": 45.82902095781734,
    "mean_pinball": 31.13543076532468,
    "ssr": 0.11291117245156566
}