{
    "base_model": {
        "base_model_rf": {
            "rmse": 0.2577424122923975,
            "smape_scaled": 0.3467413424211523
        }
    },
    "posthoc": {},
    "native": {}
}