{
    "base_model": {
        "base_model_nn": {
            "rmse": 5095.5537109375,
            "smape_scaled": 0.05959214270114899
        }
    },
    "posthoc": {},
    "native": {}
}