{
    "base_model": {},
    "posthoc": {},
    "native": {
        "native_gpytorch": {
            "rmse": 170.76998901367188,
            "smape_scaled": 0.008644227869808674,
            "crps": 101.22262799133253,
            "nll_gaussian": 9.899414058746972,
            "mean_pinball": 6.692938777451035
        }
    }
}