{
    "mae": 2126.904541015625,
    "rmse": 2589.872314453125,
    "smape_scaled": 0.15556150674819946,
    "crps": 2055.127576692707,
    "nll_gaussian": 232.98454396313892,
    "mean_pinball": 15.657107500129197,
    "ssr": 0.05125227194741927
}