{
    "mae": 2162.2648437516586,
    "rmse": 2618.2755534495354,
    "smape_scaled": 0.15797998823724563,
    "crps": 2081.5934290399173,
    "nll_gaussian": 211.99421080439092,
    "mean_pinball": 23.505546214319427,
    "ssr": 0.056111649545080036
}