{
    "base_model": {
        "base_model_nn": {
            "rmse": 1111.5126953125,
            "smape_scaled": 0.06046774983406067
        }
    },
    "posthoc": {},
    "native": {}
}