{
    "mae": 212.31094360351562,
    "rmse": 283.373046875,
    "smape_scaled": 0.016839176416397095,
    "crps": 152.77682913302723,
    "nll_gaussian": 7.067612506515193,
    "mean_pinball": 31.135430538177612,
    "ssr": 1.0453441282738993
    "coverage_90": 0.9231735159817351
}