{
    "mae": 152.9539337158203,
    "rmse": 197.52330017089844,
    "smape_scaled": 0.011976061388850212,
    "crps": 111.23457908485594,
    "nll_gaussian": 6.9657040752057835,
    "ssr": 0.6806311599966159,
    "coverage_90": 0.7325627853881278,
    "mean_pinball": 56.358444680938845
}