{
    "mae": 135.6634979248047,
    "rmse": 179.49716186523438,
    "smape_scaled": 0.010449154302477837,
    "crps": 96.33389239803527,
    "nll_gaussian": 6.60204953880807,
    "mean_pinball": 18.667144212255973,
    "ssr": 0.8816581988029228
}