{
    "base_model": {
        "base_model_linreg": {
            "rmse": 312.9999084472656,
            "smape_scaled": 0.01682855561375618
        }
    },
    "posthoc": {},
    "native": {}
}