{
    "base_model": {},
    "posthoc": {},
    "native": {
        "native_mvnn": {
            "rmse": 0.23460429906845093,
            "smape_scaled": 0.37237754464149475,
            "crps": null,
            "nll_gaussian": 0.1563317906034886,
            "mean_pinball": 0.016071581947780453
        }
    }
}