{
    "mae": 2172.5341796875,
    "rmse": 2623.4990234375,
    "smape_scaled": 0.1585327684879303
}