{
    "base_model": {
        "base_model_nn": {
            "rmse": 692.3594360351562,
            "smape_scaled": 0.04042251035571098
        }
    },
    "posthoc": {},
    "native": {}
}