{
    "mae": 118.57336965302147,
    "rmse": 163.46268260839227,
    "smape_scaled": 0.008572835257446313,
    "crps": 76.4171033820736,
    "nll_gaussian": 6.381935623764352,
    "mean_pinball": 25.311579997445406,
    "ssr": 0.9279289517290202
}