{
    "mae": 2121.836669921875,
    "rmse": 2585.978759765625,
    "smape_scaled": 0.1553136706352234,
    "crps": 2019.0691466500184,
    "nll_gaussian": 96.92549499025252,
    "mean_pinball": 22.64168053397598,
    "ssr": 0.0742272994481267
}