{
    "mae": 286.5232849121094,
    "rmse": 372.24560546875,
    "smape_scaled": 0.021064968779683113
}