{
    "base_model": {},
    "posthoc": {},
    "native": {
        "native_gpytorch": {
            "mae": 327.48614501953125,
            "rmse": 476.1821594238281,
            "smape_scaled": 0.021748533472418785,
            "crps": 230.2337968800765,
            "nll_gaussian": 7.174309922649135,
            "mean_pinball": 34.06279873913259,
            "ssr": 0.6064390698300997
        }
    }
}