{
    "base_model": {},
    "posthoc": {},
    "native": {
        "native_quantile_regression_nn": {
            "rmse": 382.610595703125,
            "smape_scaled": 0.01845310628414154,
            "crps": 223.72669040792087,
            "nll_gaussian": 10.92889005461851,
            "mean_pinball": 13.920004844665527
        }
    }
}