{
    "base_model": {},
    "posthoc": {},
    "native": {
        "native_quantile_regression_nn": {
            "rmse": 379.9500732421875,
            "smape_scaled": 0.018399884924292564,
            "crps": 228.59233759551017,
            "nll_gaussian": 12.538963574034538,
            "mean_pinball": 11.391632080078125
        }
    }
}