{
    "base_model": {},
    "posthoc": {},
    "native": {
        "native_quantile_regression_nn": {
            "rmse": 14816.217455713917,
            "smape_scaled": 1.9998752851427586,
            "crps": 14513.226475036621,
            "nll_gaussian": null,
            "mean_pinball": 26.92697585265258
        }
    }
}