{
    "base_model": {},
    "posthoc": {},
    "native": {
        "native_quantile_regression_nn": {
            "rmse": 410.533203125,
            "smape_scaled": 0.018487757071852684,
            "crps": 231.08373765225463,
            "nll_gaussian": 23.802890066000565,
            "mean_pinball": 11.251327514648438
        }
    }
}