{
    "base_model": {},
    "posthoc": {},
    "native": {
        "native_quantile_regression_nn": {
            "rmse": 15446.012941876792,
            "smape_scaled": 1.9998799551805424,
            "crps": 15057.20169064331,
            "nll_gaussian": 2420.009079198215,
            "mean_pinball": 18.912565818079774
        }
    }
}