{
    "base_model": {
        "base_model_nn": {
            "rmse": 0.26433515548706055,
            "smape_scaled": 0.3365967273712158
        }
    },
    "posthoc": {},
    "native": {}
}