{
    "mae": 2109.4541015625,
    "rmse": 2574.197265625,
    "smape_scaled": 0.15446804463863373,
    "crps": 2014.0536270060622,
    "nll_gaussian": 103.59136974035177,
    "mean_pinball": 18.979900360107422,
    "ssr": 0.07009702035617486
}