{
    "mae": 146.04834811184008,
    "rmse": 193.37619023624,
    "smape_scaled": 0.01131276340713315,
    "crps": 95.12779962658475,
    "nll_gaussian": 6.65869389418966,
    "ssr": 0.8163265178726956,
    "coverage_90": 0.8099885844748859,
    "mean_pinball": 52.28080722233889
}