{
    "base_model": {},
    "posthoc": {},
    "native": {
        "native_quantile_regression_nn": {
            "rmse": 506.6402587890625,
            "smape_scaled": 0.025677021592855453,
            "crps": 298.383818414948,
            "nll_gaussian": 8.504078458256167,
            "mean_pinball": 27.740375518798828
        }
    }
}