{
    "base_model": {},
    "posthoc": {},
    "native": {
        "native_quantile_regression_nn": {
            "rmse": 288.19610595703125,
            "smape_scaled": 0.0159413143992424,
            "crps": 138.84759878053592,
            "nll_gaussian": 7.105281397994253,
            "mean_pinball": 12.436909675598145
        }
    }
}