{
    "mae": 212.31085205078125,
    "rmse": 283.3730163574219,
    "smape_scaled": 0.01683916710317135
}