{
    "base_model": {},
    "posthoc": {},
    "native": {
        "native_quantile_regression_nn": {
            "rmse": 15405.99153348276,
            "smape_scaled": 1.9998794612045385,
            "crps": 15090.275837158204,
            "nll_gaussian": 9164.26681285165,
            "mean_pinball": 11.875956731724248
        }
    }
}