{
    "mae": 176.14645385742188,
    "rmse": 229.2932891845703,
    "smape_scaled": 0.012739311903715134,
    "crps": 125.03918360961457,
    "nll_gaussian": 6.8549149351837,
    "mean_pinball": 27.913456520571128,
    "ssr": 1.0320535601611287
}