{
    "base_model": {
        "base_model_hgbr": {
            "rmse": 144.8874805194339,
            "smape_scaled": 0.007782410197490579
        }
    },
    "posthoc": {},
    "native": {}
}