{
    "base_model": {},
    "posthoc": {},
    "native": {
        "native_quantile_regression": {
            "rmse": 15027.252691702664,
            "smape_scaled": 1.999880038545956,
            "crps": null,
            "nll_gaussian": 402.9610864556296,
            "mean_pinball": 61.88361323402197
        }
    }
}