{
    "base_model": {
        "base_model_linreg": {
            "rmse": 312.9999084472656,
            "smape_scaled": 0.016828548163175583
        },
        "base_model_hgbr": {
            "rmse": 144.8874805194339,
            "smape_scaled": 0.007782410197490579
        },
        "base_model_nn": {
            "rmse": 372.24560546875,
            "smape_scaled": 0.021064968779683113
        }
    },
    "posthoc": {},
    "native": {}
}