{
    "base_model": {
        "base_model_nn": {
            "mae": 680.0845947265625,
            "rmse": 828.579345703125,
            "smape_scaled": 0.05016576126217842
        }
    },
    "posthoc": {},
    "native": {}
}