{
    "base_model": {
        "base_model_nn": {
            "mae": 303.0478515625,
            "rmse": 395.96453857421875,
            "smape_scaled": 0.02048770897090435
        }
    },
    "posthoc": {},
    "native": {}
}