{
    "base_model": {},
    "posthoc": {},
    "native": {
        "native_mvnn": {
            "rmse": 15385.751953125,
            "smape_scaled": 1.9998793601989746,
            "crps": 15068.893842515867,
            "nll_gaussian": 9853.081367398017,
            "mean_pinball": 12.30750360422768
        }
    }
}