{
    "mae": 145.331787109375,
    "rmse": 190.79637145996094,
    "smape_scaled": 0.010475989431142807,
    "crps": 104.45220837783589,
    "nll_gaussian": 6.752671221065809,
    "mean_pinball": 15.684084225907068,
    "ssr": 0.6968976472430898
}