{
    "base_model": {},
    "posthoc": {},
    "native": {
        "native_mvnn": {
            "rmse": 14959.140625,
            "smape_scaled": 1.999876856803894,
            "crps": 14598.22979073778,
            "nll_gaussian": 9896.979510684509,
            "mean_pinball": 16.693586149207785
        }
    }
}