{
    "mae": 152.4772186279297,
    "rmse": 197.17701721191406,
    "smape_scaled": 0.011858620680868626,
    "crps": 108.16621751186423,
    "nll_gaussian": 6.703755257151063,
    "mean_pinball": 22.641995871496103,
    "ssr": 0.9735054200953219
}