{
    "base_model": {},
    "posthoc": {},
    "native": {
        "native_gpytorch": {
            "mae": 149.52572631835938,
            "rmse": 217.94305419921875,
            "smape_scaled": 0.010476864874362946,
            "crps": 104.59356233555926,
            "nll_gaussian": 6.5374520785840975,
            "mean_pinball": 22.233410264885165,
            "ssr": 0.864854408826233
        }
    }
}