{
    "base_model": {},
    "posthoc": {},
    "native": {
        "native_quantile_regression_nn": {
            "rmse": 387.2824401855469,
            "smape_scaled": 0.019004452973604202,
            "crps": 229.75190105024208,
            "nll_gaussian": 10.807369669046658,
            "mean_pinball": 15.313846588134766
        }
    }
}