{
    "mae": 2163.1651115034992,
    "rmse": 2618.098560658135,
    "smape_scaled": 0.15802571393490372,
    "crps": 2083.171329604334,
    "nll_gaussian": 165.99241619976934,
    "mean_pinball": 16.03511006735679,
    "ssr": 0.055886383674689274
}