{
    "base_model": {
        "base_model_nn": {
            "mae": 176.14645385742188,
            "rmse": 229.2932891845703,
            "smape_scaled": 0.012739311903715134
        }
    },
    "posthoc": {
        "posthoc_conformal_prediction__base_model_nn": {
            "mae": 144.67515563964844,
            "rmse": 192.6067657470703,
            "smape_scaled": 0.010394271463155746,
            "crps": 103.78238957414356,
            "nll_gaussian": 6.685780660097147,
            "mean_pinball": 19.816665627415084,
            "ssr": 0.9261900712464475
        }
    },
    "native": {}
}