{
    "base_model": {},
    "posthoc": {},
    "native": {
        "native_gpytorch": {
            "rmse": 14880.4765625,
            "smape_scaled": 1.9998748302459717,
            "crps": 14397.992656672273,
            "nll_gaussian": 10540.657976490731,
            "mean_pinball": 37.57527971945098
        }
    }
}