{
    "base_model": {
        "base_model_linreg": {
            "rmse": 312.9999084472656,
            "smape_scaled": 0.016828548163175583
        }
    },
    "posthoc": {
        "posthoc_conformal_prediction__base_model_linreg": {
            "rmse": 312.9999084472656,
            "smape_scaled": 0.01682855375111103,
            "crps": 166.71202929394815,
            "nll_gaussian": 7.168291141688336,
            "mean_pinball": 31.135430698236334
        }
    },
    "native": {}
}