{
    "base_model": {
        "base_model_linreg": {
            "rmse": 360.6310119628906,
            "smape_scaled": 0.01826603338122368
        },
        "base_model_hgbr": {
            "rmse": 192.48819491950226,
            "smape_scaled": 0.008353557392833687
        },
        "base_model_nn": {
            "rmse": 326.14410400390625,
            "smape_scaled": 0.016472227871418
        }
    },
    "posthoc": {},
    "native": {}
}