{
    "mae": 107.4264018114817,
    "rmse": 144.8874805194339,
    "smape_scaled": 0.007782410197490579,
    "crps": 77.4408154237755,
    "nll_gaussian": 6.3949916195490495,
    "mean_pinball": 16.03511006735679,
    "ssr": 1.0098599280941094
}