{
    "base_model": {
        "base_model_linreg": {
            "rmse": 312.9999084472656,
            "smape_scaled": 0.016828548163175583
        },
        "base_model_hgbr": {
            "rmse": 144.8874805194339,
            "smape_scaled": 0.007782410197490579
        },
        "base_model_nn": {
            "rmse": 372.24560546875,
            "smape_scaled": 0.021064968779683113
        }
    },
    "posthoc": {
        "posthoc_conformal_prediction__base_model_linreg": {
            "rmse": 312.9999084472656,
            "smape_scaled": 0.01682855561375618,
            "crps": 166.7120364084501,
            "nll_gaussian": 7.1682911815335455,
            "mean_pinball": 31.135430696728214
        },
        "posthoc_conformal_prediction__base_model_hgbr": {
            "rmse": 144.8874805194339,
            "smape_scaled": 0.007782410197490579,
            "crps": 77.4408154237755,
            "nll_gaussian": 6.3949916195490495,
            "mean_pinball": 16.03511006735679
        },
        "posthoc_conformal_prediction__base_model_nn": {
            "rmse": 372.24560546875,
            "smape_scaled": 0.021064970642328262,
            "crps": 205.4283878205958,
            "nll_gaussian": 7.377128062655969,
            "mean_pinball": 34.72948768378482
        }
    },
    "native": {}
}