{
    "base_model": {},
    "posthoc": {},
    "native": {
        "native_quantile_regression_nn": {
            "rmse": 205.80068969726562,
            "smape_scaled": 0.011081885546445847,
            "crps": 111.57766143312888,
            "nll_gaussian": 6.802250336930342,
            "mean_pinball": 18.654499053955078
        }
    }
}