{
    "base_model": {},
    "posthoc": {},
    "native": {
        "native_quantile_regression": {
            "rmse": 0.32355594542088023,
            "smape_scaled": 0.4453608774281729,
            "crps": null,
            "nll_gaussian": 0.18996283040639095,
            "mean_pinball": 0.02770492623015136
        }
    }
}