{
    "base_model": {},
    "posthoc": {},
    "native": {
        "native_mvnn": {
            "mae": 150.55104064941406,
            "rmse": 203.028076171875,
            "smape_scaled": 0.010509273037314415,
            "crps": 110.61009183484248,
            "nll_gaussian": 7.06901700371602,
            "mean_pinball": 14.599107617907912,
            "ssr": 0.6096072855107159
        }
    }
}