{
    "base_model": {
        "base_model_hgbr": {
            "rmse": 141.18192350021386,
            "smape_scaled": 0.007262918204131581
        }
    },
    "posthoc": {},
    "native": {}
}