{
    "mae": 137.00952874299506,
    "rmse": 182.22024990175242,
    "smape_scaled": 0.010668871156271827,
    "crps": 99.19522777601125,
    "nll_gaussian": 6.6802031111016795,
    "mean_pinball": 16.03511006735679,
    "ssr": 0.8029626824569794
}