{
    "posthoc": {
        "posthoc_conformal_prediction": {
            "rmse": 0.22703437507152557,
            "smape_scaled": 0.3240281939506531,
            "crps": null,
            "nll_gaussian": null,
            "mean_pinball": 0.007588971654574077
        }
    },
    "native": {}
}