{
    "posthoc": {
        "posthoc_laplace": {
            "rmse": 0.22703437507152557,
            "smape_scaled": 0.3240281939506531,
            "crps": null,
            "nll_gaussian": 0.9079069034915254,
            "mean_pinball": 0.013478339846313046
        }
    },
    "native": {}
}