{
    "posthoc": {},
    "native": {
        "native_gpytorch": {
            "rmse": 0.2262534350156784,
            "smape_scaled": 0.3602416217327118,
            "crps": null,
            "nll_gaussian": 0.43576224609295366,
            "mean_pinball": 0.01878680830482063
        }
    }
}